A-scope Number,x_surface_px,y_surface_px,x_bed_px,y_bed_px,x_noisefloor_px,y_noisefloor_px,x_mainbang_px,y_mainbang_px,reference_line_y,reference_line_x,surface_us,surface_dB,bed_us,bed_dB,noisefloor_us,noisefloor_dB,mainbang_us,mainbang_dB,FLT,filename,CBD,LAT,LON
3,9228,300,9398,842,9145,1620,9045,1092,1594,2838,2.73,2.78,5.28,-23.59,1.48,-61.45,-0.02,-35.76,115,39_0000875_0000899-reel_begin_end,32,-78.407025,167.416954
4,12359,300,12553,1001,12248,1625,12145,1093,1594,2838,3.2,2.78,6.11,-31.33,1.53,-61.7,-0.02,-35.81,115,39_0000875_0000899-reel_begin_end,33,-78.425386,167.431797
5,15469,300,15705,930,15324,1626,15223,1091,1594,2838,3.62,2.78,7.16,-27.87,1.44,-61.75,-0.08,-35.71,115,39_0000875_0000899-reel_begin_end,34,-78.443679,167.448636
6,18581,300,18851,928,18390,1629,18293,1091,1594,2838,4.25,2.78,8.3,-27.78,1.38,-61.89,-0.08,-35.71,115,39_0000875_0000899-reel_begin_end,35,-78.461898,167.467382
7,21759,300,22064,899,21659,1341,21427,1092,1594,2838,4.97,2.78,9.55,-26.37,3.47,-47.88,-0.02,-35.76,115,39_0000875_0000899-reel_begin_end,36,-78.480127,167.485957
8,24880,300,25237,914,24749,1275,24510,1092,1594,2838,5.43,2.78,10.8,-27.1,3.47,-44.66,-0.12,-35.76,115,39_0000875_0000899-reel_begin_end,37,-78.49824,167.5071
12,37341,479,38321,981,37078,1390,36828,1093,1594,2838,10.02,-5.93,24.74,-30.36,6.06,-50.26,2.31,-35.81,115,39_0000875_0000899-reel_begin_end,38,-78.516336,167.528749
1,1789,283,2242,883,1488,1387,1256,1093,1594,1252,7.9,3.06,14.64,-25.81,3.43,-50.05,-0.02,-35.91,115,39_0000900_0000924-reel_begin_end,45,-78.643689,167.666409
2,4911,282,5103,672,4592,1374,4346,1093,1594,1252,8.38,3.11,11.23,-15.66,3.64,-49.43,-0.02,-35.91,115,39_0000900_0000924-reel_begin_end,46,-78.662067,167.681122
4,11069,323,11316,646,10740,1392,10522,1094,1594,1252,8.05,1.13,11.72,-14.41,3.16,-50.29,-0.08,-35.96,115,39_0000900_0000924-reel_begin_end,47,-78.680177,167.702103
5,14185,524,14598,765,13840,1381,13616,1093,1594,1252,8.44,-8.54,14.58,-20.13,3.31,-49.77,-0.02,-35.91,115,39_0000900_0000924-reel_begin_end,48,-78.698379,167.720863
6,17238,296,18156,1071,16861,1395,16629,1098,1594,1252,9.08,2.43,22.72,-34.85,3.47,-50.44,0.02,-36.15,115,39_0000900_0000924-reel_begin_end,49,-78.716619,167.738968
10,29646,280,29896,821,29247,1391,28856,1089,1594,1252,11.72,3.2,15.44,-22.82,5.79,-50.25,-0.02,-35.72,115,39_0000900_0000924-reel_begin_end,50,-78.734625,167.763045
1,3740,279,4421,958,3471,1371,2844,1096,1591,2837,13.41,2.74,23.59,-29.74,9.38,-49.49,0.01,-36.34,115,39_0000925_0000949-reel_begin_end,57,-78.861152,167.920501
4,13075,278,13144,420,12455,1349,12114,1095,1591,2837,14.38,2.79,15.41,-4.0,5.11,-48.44,0.01,-36.29,115,39_0000925_0000949-reel_begin_end,58,-78.879267,167.942704
5,16103,281,16168,307,15516,1306,15124,1097,1591,2837,14.65,2.64,15.62,1.4,5.87,-46.38,0.01,-36.39,115,39_0000925_0000949-reel_begin_end,59,-78.897335,167.965958
6,19225,278,19305,420,18692,1378,18221,1096,1591,2837,14.98,2.79,16.17,-4.0,7.0,-49.83,-0.04,-36.34,115,39_0000925_0000949-reel_begin_end,60,-78.915384,167.98964
7,22288,498,22360,451,21682,1307,21254,1100,1591,2837,15.47,-7.73,16.55,-5.49,6.41,-46.43,0.01,-36.53,115,39_0000925_0000949-reel_begin_end,61,-78.933566,168.010253
8,25388,291,25475,446,24721,1349,24344,1096,1591,2837,15.62,2.17,16.92,-5.25,5.64,-48.44,0.01,-36.34,115,39_0000925_0000949-reel_begin_end,62,-78.952037,168.022436
9,28413,280,28496,427,27789,1343,27354,1097,1591,2837,15.84,2.69,17.08,-4.34,6.51,-48.15,0.01,-36.39,115,39_0000925_0000949-reel_begin_end,63,-78.970405,168.038355
10,31465,285,31563,533,30761,1333,30381,1097,1591,2837,16.17,2.45,17.64,-9.41,5.64,-47.67,-0.04,-36.39,115,39_0000925_0000949-reel_begin_end,64,-78.98871,168.056128
11,34506,526,34597,462,33857,1347,33401,1096,1591,2837,16.49,-9.07,17.85,-6.01,6.78,-48.34,-0.04,-36.34,115,39_0000925_0000949-reel_begin_end,65,-79.007005,168.074285
12,37535,541,37637,630,36897,1319,36408,1100,1591,2837,19.15,-9.79,20.67,-14.05,9.61,-47.0,2.29,-36.53,115,39_0000925_0000949-reel_begin_end,66,-79.025384,168.089714
1,5438,735,5554,675,4597,1414,4271,1092,1591,4267,17.69,-19.1,19.45,-16.25,4.96,-51.39,0.03,-36.08,115,39_0000950_0000974-reel_begin_end,70,-79.098642,168.159466
2,2397,743,2502,757,1527,1452,1255,1088,1591,4267,17.38,-19.49,18.96,-20.15,4.21,-53.2,0.09,-35.89,115,39_0000950_0000974-reel_begin_end,71,-79.116861,168.179868
3,5449,732,5554,675,4768,1420,4275,1089,1591,4267,17.86,-18.96,19.45,-16.25,7.55,-51.68,0.09,-35.94,115,39_0000950_0000974-reel_begin_end,72,-79.1352,168.196809
4,8543,531,8673,710,7956,1441,7361,1091,1591,4267,17.92,-9.4,19.89,-17.92,9.03,-52.68,0.03,-36.03,115,39_0000950_0000974-reel_begin_end,73,-79.153503,168.214736
5,11581,556,11777,946,10765,1423,10388,1088,1591,4267,18.19,-10.59,21.16,-29.14,5.84,-51.82,0.13,-35.89,115,39_0000950_0000974-reel_begin_end,74,-79.171636,168.237319
6,14633,579,14792,793,13824,1416,13415,1089,1591,4267,18.53,-11.69,20.93,-21.86,6.28,-51.49,0.09,-35.94,115,39_0000950_0000974-reel_begin_end,75,-79.189676,168.261974
7,17736,538,17871,669,16895,1416,16507,1090,1591,4267,18.57,-9.74,20.61,-15.97,5.84,-51.49,-0.03,-35.99,115,39_0000950_0000974-reel_begin_end,76,-79.207555,168.289816
8,20779,596,20931,865,19956,1435,19521,1098,1591,4267,19.07,-12.49,21.37,-25.29,6.61,-52.39,0.03,-36.37,115,39_0000950_0000974-reel_begin_end,77,-79.225585,168.314776
9,23910,623,24055,882,23036,1435,22641,1091,1591,4267,19.24,-13.78,21.43,-26.1,6.01,-52.39,0.03,-36.03,115,39_0000950_0000974-reel_begin_end,78,-79.243648,168.339114
10,26927,614,27079,807,26082,1448,25655,1094,1591,4267,19.34,-13.35,21.64,-22.53,6.55,-53.01,0.09,-36.18,115,39_0000950_0000974-reel_begin_end,79,-79.261854,168.359889
11,29966,587,30129,920,29082,1451,28665,1089,1591,4267,19.78,-12.07,22.25,-27.9,6.4,-53.15,0.09,-35.94,115,39_0000950_0000974-reel_begin_end,80,-79.280121,168.37918
12,33097,601,33228,651,32173,1454,31777,1102,1591,4267,19.95,-12.73,21.93,-15.11,5.96,-53.3,-0.03,-36.56,115,39_0000950_0000974-reel_begin_end,81,-79.298173,168.403915
13,36212,626,36342,681,35483,1460,34881,1090,1591,4267,20.18,-13.92,22.14,-16.54,9.14,-53.58,0.03,-35.99,115,39_0000950_0000974-reel_begin_end,,,
1,4197,661,4324,678,3269,1460,2845,1092,1591,2841,20.66,-15.3,22.59,-16.12,6.52,-53.74,0.07,-36.04,115,39_0000975_0000999-reel_begin_end,82,-79.316222,168.428762
2,7325,623,7445,561,6339,1454,5951,1088,1591,2841,20.93,-13.47,22.76,-10.49,5.91,-53.45,0.0,-35.84,115,39_0000975_0000999-reel_begin_end,83,-79.334478,168.448696
3,10358,617,10485,575,9357,1455,8962,1087,1591,2841,21.43,-13.18,23.37,-11.16,6.19,-53.5,0.17,-35.8,115,39_0000975_0000999-reel_begin_end,84,-79.352764,168.467964
4,13394,589,13532,882,12234,1454,11995,1087,1591,2841,21.37,-11.84,23.47,-25.93,3.71,-53.45,0.07,-35.8,115,39_0000975_0000999-reel_begin_end,85,-79.370939,168.489906
5,16423,615,16550,635,15407,1456,15009,1088,1591,2841,21.66,-13.09,23.59,-14.05,6.19,-53.55,0.13,-35.84,115,39_0000975_0000999-reel_begin_end,86,-79.388953,168.515686
6,19523,679,19665,897,18483,1456,18102,1091,1591,2841,21.81,-16.17,23.98,-26.66,5.97,-53.55,0.17,-35.99,115,39_0000975_0000999-reel_begin_end,87,-79.407127,168.537993
7,22561,641,22699,716,21535,1456,21125,1088,1591,2841,21.93,-14.34,24.04,-17.95,6.31,-53.55,0.07,-35.84,115,39_0000975_0000999-reel_begin_end,88,-79.425178,168.563066
8,25588,622,25733,728,24547,1456,24152,1089,1591,2841,22.04,-13.43,24.25,-18.52,6.19,-53.55,0.17,-35.89,115,39_0000975_0000999-reel_begin_end,89,-79.443258,168.587558
9,28635,587,28788,842,27595,1456,27192,1088,1591,2841,22.15,-11.74,24.48,-24.01,6.31,-53.55,0.17,-35.84,115,39_0000975_0000999-reel_begin_end,90,-79.46143,168.609998
10,31673,614,31826,1044,30636,1457,30209,1091,1591,2841,22.42,-13.04,24.75,-33.73,6.63,-53.6,0.13,-35.99,115,39_0000975_0000999-reel_begin_end,91,-79.479183,168.640955
11,34714,602,34859,900,33619,1456,33239,1089,1591,2841,22.59,-12.46,24.8,-26.8,5.91,-53.55,0.13,-35.89,115,39_0000975_0000999-reel_begin_end,92,-79.497017,168.670556
12,37729,617,37900,1037,36645,1458,36250,1088,1591,2841,25.07,-13.18,27.68,-33.39,8.56,-53.64,2.55,-35.84,115,39_0000975_0000999-reel_begin_end,93,-79.515034,168.696422
1,2734,596,2887,787,1658,1456,1244,1089,1591,4358,22.64,-10.09,24.97,-19.84,6.25,-54.01,-0.05,-35.27,115,39_0001000_0001024-reel_begin_end,95,-79.550862,168.752221
2,5869,589,6047,1116,4586,1455,4368,1092,1591,4358,22.87,-9.73,25.58,-36.65,3.33,-53.96,0.01,-35.42,115,39_0001000_0001024-reel_begin_end,96,-79.569009,168.775303
3,8887,646,9054,1079,7604,1452,7375,1095,1591,4358,23.14,-12.64,25.69,-34.76,3.6,-53.81,0.12,-35.57,115,39_0001000_0001024-reel_begin_end,97,-79.587173,168.798301
4,11911,618,12070,929,10609,1447,10395,1091,1591,4358,23.2,-11.21,25.63,-27.1,3.38,-53.55,0.12,-35.37,115,39_0001000_0001024-reel_begin_end,98,-79.605275,168.822837
5,14944,613,15126,900,13665,1436,13422,1088,1591,4358,23.25,-10.95,26.02,-25.61,3.77,-52.99,0.07,-35.22,115,39_0001000_0001024-reel_begin_end,99,-79.623164,168.851838
6,17972,593,18128,746,16830,1444,16442,1089,1591,4358,23.37,-9.93,25.75,-17.75,5.98,-53.4,0.07,-35.27,115,39_0001000_0001024-reel_begin_end,100,-79.641017,168.881575
7,20990,628,21138,675,19695,1436,19445,1089,1591,4358,23.65,-11.72,25.9,-14.12,3.92,-52.99,0.12,-35.27,115,39_0001000_0001024-reel_begin_end,101,-79.658883,168.911132
8,24026,604,24178,797,22685,1438,22478,1089,1591,4358,23.59,-10.5,25.9,-20.35,3.16,-53.09,0.01,-35.27,115,39_0001000_0001024-reel_begin_end,102,-79.676866,168.938224
9,27054,638,27199,593,25890,1445,25499,1090,1591,4358,23.86,-12.23,26.07,-9.93,6.13,-53.45,0.18,-35.32,115,39_0001000_0001024-reel_begin_end,103,-79.695079,168.960308
10,30072,641,30227,691,28882,1442,28498,1094,1591,4358,23.98,-12.39,26.34,-14.94,5.86,-53.3,0.01,-35.52,115,39_0001000_0001024-reel_begin_end,104,-79.713063,168.987734
11,33102,601,33254,687,31775,1433,31532,1089,1591,4358,23.98,-10.34,26.3,-14.73,3.77,-52.84,0.07,-35.27,115,39_0001000_0001024-reel_begin_end,105,-79.730754,169.020532
12,36122,606,36288,829,34954,1443,34555,1087,1591,4358,23.98,-10.6,26.51,-21.99,6.19,-53.35,0.12,-35.17,115,39_0001000_0001024-reel_begin_end,106,-79.748376,169.054653
1,4275,646,4434,787,3176,1444,2752,1092,1587,2748,22.49,-14.52,24.83,-21.34,6.35,-53.13,0.12,-36.1,115,39_0001025_0001049-reel_begin_end,107,-79.766006,169.088711
2,7305,605,7468,782,6191,1438,5782,1089,1587,2748,22.49,-12.54,24.89,-21.1,6.13,-52.84,0.12,-35.96,115,39_0001025_0001049-reel_begin_end,108,-79.783641,169.122766
3,10312,653,10460,610,9202,1441,8789,1090,1587,2748,22.59,-14.86,24.77,-12.78,6.29,-52.99,0.22,-36.0,115,39_0001025_0001049-reel_begin_end,109,-79.801217,169.157824
4,13324,641,13472,710,12196,1439,11812,1088,1587,2748,22.33,-14.28,24.5,-17.62,5.76,-52.89,0.12,-35.91,115,39_0001025_0001049-reel_begin_end,110,-79.818764,169.193429
5,16357,632,16506,612,15262,1446,14845,1090,1587,2748,22.37,-13.84,24.56,-12.87,6.29,-53.23,0.16,-36.0,115,39_0001025_0001049-reel_begin_end,111,-79.836339,169.228614
6,19361,612,19510,609,18266,1449,17849,1089,1587,2748,22.43,-12.87,24.62,-12.73,6.35,-53.38,0.22,-35.96,115,39_0001025_0001049-reel_begin_end,112,-79.854012,169.262252
7,22385,614,22530,725,21300,1443,20865,1089,1587,2748,22.49,-12.97,24.62,-18.34,6.55,-53.09,0.16,-35.96,115,39_0001025_0001049-reel_begin_end,113,-79.87137,169.300916
8,25407,577,25552,719,24320,1444,23892,1092,1587,2748,22.37,-11.18,24.5,-18.05,6.41,-53.13,0.12,-36.1,115,39_0001025_0001049-reel_begin_end,114,-79.888812,169.338401
9,28414,593,28555,758,27170,1443,26902,1096,1587,2748,22.33,-11.95,24.4,-19.94,4.06,-53.09,0.12,-36.29,115,39_0001025_0001049-reel_begin_end,115,-79.906359,169.374332
10,31437,616,31582,819,30321,1440,29925,1091,1587,2748,22.37,-13.07,24.5,-22.89,5.98,-52.94,0.16,-36.05,115,39_0001025_0001049-reel_begin_end,116,-79.923909,169.410272
11,34471,602,34616,867,33390,1446,32955,1089,1587,2748,22.43,-12.39,24.56,-25.21,6.55,-53.23,0.16,-35.96,115,39_0001025_0001049-reel_begin_end,117,-79.941325,169.44837
12,37550,596,37732,1120,36452,1454,36035,1088,1587,2748,24.93,-12.1,27.6,-37.46,8.8,-53.62,2.68,-35.91,115,39_0001025_0001049-reel_begin_end,118,-79.958883,169.484348
1,2754,564,2925,985,1670,1447,1235,1091,1591,1232,22.78,-10.72,25.34,-30.85,6.57,-52.95,0.06,-35.92,115,39_0001050_0001074-reel_begin_end,120,-79.994119,169.554432
2,5788,606,5929,763,4678,1455,4272,1089,1591,1232,22.84,-12.73,24.95,-20.24,6.24,-53.33,0.17,-35.83,115,39_0001050_0001074-reel_begin_end,121,-80.01195,169.585896
3,8888,612,9058,1014,7746,1451,7372,1090,1591,1232,22.84,-13.01,25.38,-32.24,5.76,-53.14,0.17,-35.88,115,39_0001050_0001074-reel_begin_end,122,-80.029783,169.617361
4,11902,616,12054,1097,10589,1449,10379,1089,1591,1232,22.9,-13.21,25.17,-36.21,3.26,-53.05,0.12,-35.83,115,39_0001050_0001074-reel_begin_end,123,-80.047634,169.64858
5,14928,620,15069,874,13822,1451,13409,1087,1591,1232,22.84,-13.4,24.95,-25.55,6.3,-53.14,0.12,-35.73,115,39_0001050_0001074-reel_begin_end,124,-80.065534,169.678877
6,17952,642,18093,824,16686,1449,16429,1089,1591,1232,22.9,-14.45,25.01,-23.15,3.97,-53.05,0.12,-35.83,115,39_0001050_0001074-reel_begin_end,125,-80.083391,169.709977
7,20954,589,21107,998,19685,1454,19439,1089,1591,1232,22.78,-11.91,25.07,-31.48,3.8,-53.29,0.12,-35.83,115,39_0001050_0001074-reel_begin_end,126,-80.100981,169.745998
1,2752,440,2890,823,1642,1417,1240,1090,1587,1233,23.23,-4.61,25.36,-23.25,6.12,-52.16,-0.08,-36.25,115,39_0001150_0001174-reel_begin_end,171,-80.904811,171.210873
2,5789,463,5912,622,4491,1420,4266,1093,1587,1233,23.34,-5.73,25.23,-13.47,3.32,-52.31,-0.14,-36.39,115,39_0001150_0001174-reel_begin_end,172,-80.922706,171.244535
3,8802,459,8936,841,7692,1420,7290,1093,1587,1233,23.23,-5.53,25.3,-24.13,6.12,-52.31,-0.08,-36.39,115,39_0001150_0001174-reel_begin_end,173,-80.940702,171.276141
9,27042,403,27176,906,25929,1416,25526,1085,1587,1233,23.23,-2.81,25.3,-27.29,6.07,-52.11,-0.14,-36.0,115,39_0001150_0001174-reel_begin_end,174,-80.958691,171.30797
10,30053,428,30180,835,28777,1414,28530,1090,1587,1233,23.4,-4.02,25.36,-23.83,3.73,-52.02,-0.08,-36.25,115,39_0001150_0001174-reel_begin_end,175,-80.976577,171.34214
11,33079,414,33210,785,31959,1417,31560,1087,1587,1233,23.34,-3.34,25.36,-21.4,6.07,-52.16,-0.08,-36.1,115,39_0001150_0001174-reel_begin_end,176,-80.994556,171.374303
12,36106,418,36236,882,34837,1410,34590,1088,1587,1233,23.29,-3.54,25.3,-26.12,3.73,-51.82,-0.08,-36.15,115,39_0001150_0001174-reel_begin_end,177,-81.012491,171.407369
1,4263,431,4412,798,3168,1416,2744,1091,1591,2740,22.73,-4.17,24.95,-22.03,6.35,-52.11,0.01,-36.29,115,39_0001175_0001199-reel_begin_end,183,-81.119997,171.610416
2,7297,395,7438,766,6010,1412,5774,1092,1591,2740,22.79,-2.42,24.89,-20.47,3.54,-51.92,0.01,-36.34,115,39_0001175_0001199-reel_begin_end,184,-81.137827,171.646382
3,10307,400,10445,608,9012,1408,8784,1095,1591,2740,22.79,-2.66,24.85,-12.78,3.42,-51.72,0.01,-36.49,115,39_0001175_0001199-reel_begin_end,185,-81.155558,171.684519
4,13323,431,13465,640,11996,1412,11808,1089,1591,2740,22.73,-4.17,24.85,-14.34,2.88,-51.92,0.07,-36.2,115,39_0001175_0001199-reel_begin_end,186,-81.173324,171.722068
5,16360,434,16513,798,15070,1412,14841,1088,1591,2740,22.83,-4.31,25.12,-22.03,3.54,-51.92,0.11,-36.15,115,39_0001175_0001199-reel_begin_end,187,-81.191198,171.75745
6,19370,442,19530,890,18254,1412,17848,1088,1591,2740,22.83,-4.7,25.22,-26.51,6.14,-51.92,0.07,-36.15,115,39_0001175_0001199-reel_begin_end,188,-81.209072,171.792897
8,25410,418,25558,722,24282,1408,23898,1089,1591,2740,22.68,-3.54,24.89,-18.33,5.81,-51.72,0.07,-36.2,115,39_0001175_0001199-reel_begin_end,189,-81.226944,171.828489
9,28433,420,28578,765,27258,1406,26918,1092,1591,2740,22.73,-3.63,24.89,-20.43,5.15,-51.63,0.07,-36.34,115,39_0001175_0001199-reel_begin_end,190,-81.244813,171.864228
10,31440,443,31585,808,30324,1412,29918,1089,1591,2740,22.83,-4.75,25.0,-22.52,6.14,-51.92,0.07,-36.2,115,39_0001175_0001199-reel_begin_end,191,-81.262645,171.900825
11,31437,442,31589,811,30302,1414,29914,1093,1591,2740,22.79,-4.7,25.06,-22.67,5.81,-52.02,0.01,-36.39,115,39_0001175_0001199-reel_begin_end,192,-81.280474,171.937585
12,34467,399,34623,776,33368,1415,32948,1088,1591,2740,22.79,-2.61,25.12,-20.96,6.35,-52.06,0.07,-36.15,115,39_0001175_0001199-reel_begin_end,193,-81.298299,171.974495
13,37491,440,37632,868,36371,1415,35968,1090,1591,2740,25.22,-4.61,27.33,-25.44,8.47,-52.06,2.45,-36.25,115,39_0001175_0001199-reel_begin_end,194,-81.316121,172.011558
1,2751,442,2906,867,1641,1420,1239,1088,1580,1228,22.75,-4.58,25.08,-25.39,6.05,-52.47,-0.0,-36.21,115,39_0001200_0001224-reel_begin_end,196,-81.351756,172.086144
2,5784,453,5929,845,4867,1419,4265,1089,1580,1228,22.79,-5.12,24.97,-24.32,8.99,-52.42,-0.06,-36.26,115,39_0001200_0001224-reel_begin_end,197,-81.369568,172.123668
3,8808,416,8949,805,7720,1414,7289,1085,1580,1228,22.85,-3.31,24.97,-22.36,6.48,-52.18,-0.0,-36.07,115,39_0001200_0001224-reel_begin_end,198,-81.387378,172.161349
4,11818,459,11974,800,10716,1418,10295,1087,1580,1228,22.85,-5.42,25.2,-22.11,6.27,-52.37,-0.06,-36.16,115,39_0001200_0001224-reel_begin_end,199,-81.405602,172.18888
5,14841,458,14979,895,13743,1417,13311,1094,1580,1228,22.9,-5.37,24.97,-26.76,6.38,-52.32,-0.12,-36.51,115,39_0001200_0001224-reel_begin_end,200,-81.423602,172.222064
6,17864,434,18024,771,16570,1409,16349,1085,1580,1228,22.79,-4.19,25.2,-20.69,3.32,-51.93,-0.0,-36.07,115,39_0001200_0001224-reel_begin_end,201,-81.441436,172.259487
7,20874,416,21016,638,19779,1417,19351,1087,1580,1228,22.79,-3.31,24.93,-14.18,6.32,-52.32,-0.12,-36.16,115,39_0001200_0001224-reel_begin_end,202,-81.459275,172.296877
8,23894,444,24039,875,22810,1416,22371,1085,1580,1228,22.79,-4.68,24.97,-25.78,6.48,-52.27,-0.12,-36.07,115,39_0001200_0001224-reel_begin_end,203,-81.477073,172.335219
9,26921,456,27066,812,25786,1414,25405,1086,1580,1228,22.75,-5.27,24.93,-22.7,5.67,-52.18,-0.06,-36.12,115,39_0001200_0001224-reel_begin_end,204,-81.494749,172.376086
10,29931,430,30079,756,28672,1414,28411,1088,1580,1228,22.75,-4.0,24.97,-19.96,3.8,-52.18,-0.12,-36.21,115,39_0001200_0001224-reel_begin_end,205,-81.512335,172.418842
11,32947,435,33088,744,31841,1410,31428,1087,1580,1228,22.69,-4.24,24.81,-19.37,6.05,-51.98,-0.17,-36.16,115,39_0001200_0001224-reel_begin_end,206,-81.53002,172.459779
12,35985,437,36134,833,34897,1416,34459,1087,1580,1228,22.96,-4.34,25.2,-23.73,6.59,-52.27,-0.0,-36.16,115,39_0001200_0001224-reel_begin_end,207,-81.547798,172.498897
1,4261,414,4420,992,3111,1413,2741,1089,1576,2738,22.91,-3.21,25.3,-31.51,5.61,-52.13,0.04,-36.26,115,39_0001225_0001249-reel_begin_end,208,-81.565774,172.533369
2,7298,392,7454,915,6181,1409,5771,1092,1576,2738,23.01,-2.14,25.36,-27.74,6.21,-51.93,0.04,-36.41,115,39_0001225_0001249-reel_begin_end,209,-81.58383,172.565615
3,10318,417,10456,785,9183,1413,8795,1091,1576,2738,23.01,-3.36,25.09,-21.38,5.94,-52.13,0.1,-36.36,115,39_0001225_0001249-reel_begin_end,210,-81.601058,172.615149
4,13324,418,13473,873,12215,1416,11801,1096,1576,2738,22.95,-3.41,25.2,-25.69,6.27,-52.27,0.04,-36.61,115,39_0001225_0001249-reel_begin_end,211,-81.61887,172.653583
5,16354,416,16496,762,15234,1414,14835,1097,1576,2738,22.95,-3.31,25.09,-20.25,6.1,-52.18,0.1,-36.65,115,39_0001225_0001249-reel_begin_end,212,-81.636675,172.692546
6,19374,406,19523,886,18276,1412,17855,1098,1576,2738,22.95,-2.82,25.2,-26.32,6.44,-52.08,0.1,-36.7,115,39_0001225_0001249-reel_begin_end,213,-81.654371,172.733918
7,22381,416,22526,770,21249,1413,20865,1100,1576,2738,22.91,-3.31,25.09,-20.64,5.88,-52.13,0.1,-36.8,115,39_0001225_0001249-reel_begin_end,214,-81.671971,172.777298
8,25404,403,25560,819,24324,1416,23889,1101,1576,2738,22.95,-2.67,25.3,-23.04,6.71,-52.27,0.16,-36.85,115,39_0001225_0001249-reel_begin_end,215,-81.689701,172.818146
9,28431,403,28579,807,27147,1414,26911,1101,1576,2738,22.91,-2.67,25.14,-22.46,3.59,-52.18,0.04,-36.85,115,39_0001225_0001249-reel_begin_end,216,-81.707484,172.857998
10,31441,415,31582,705,30161,1412,29921,1101,1576,2738,22.91,-3.26,25.03,-17.46,3.65,-52.08,0.04,-36.85,115,39_0001225_0001249-reel_begin_end,217,-81.725285,172.897555
11,34457,413,34606,777,33181,1411,32945,1100,1576,2738,22.85,-3.16,25.09,-20.99,3.65,-52.03,0.1,-36.8,115,39_0001225_0001249-reel_begin_end,218,-81.743051,172.937971
12,37488,415,37658,881,36310,1419,35965,1094,1576,2738,25.47,-3.26,28.02,-26.08,7.74,-52.42,2.55,-36.51,115,39_0001225_0001249-reel_begin_end,219,-81.760587,172.983027
1,2758,382,2910,961,1667,1410,1235,1085,1573,1232,22.9,-1.78,25.19,-29.97,6.49,-51.82,-0.01,-36.0,115,39_0001250_0001274-reel_begin_end,221,-81.796107,173.064276
2,5778,423,5920,753,4451,1413,4255,1080,1573,1232,22.9,-3.78,25.04,-19.84,2.94,-51.97,-0.01,-35.76,115,39_0001250_0001274-reel_begin_end,222,-81.813798,173.106638
3,8805,383,8957,893,7749,1412,7285,1078,1573,1232,22.85,-1.83,25.14,-26.66,6.97,-51.92,-0.01,-35.66,115,39_0001250_0001274-reel_begin_end,223,-81.83144,173.150081
5,14828,407,14984,801,13534,1404,13313,1079,1573,1232,22.9,-3.0,25.25,-22.18,3.43,-51.53,0.11,-35.71,115,39_0001250_0001274-reel_begin_end,224,-81.849189,173.191377
6,17865,389,18013,839,16581,1411,16342,1081,1573,1232,22.85,-2.12,25.08,-24.03,3.54,-51.87,-0.06,-35.81,115,39_0001250_0001274-reel_begin_end,225,-81.866932,173.232744
7,20878,414,21027,718,19765,1413,19359,1082,1573,1232,22.9,-3.34,25.14,-18.14,6.15,-51.97,0.05,-35.86,115,39_0001250_0001274-reel_begin_end,226,-81.884262,173.282365
8,23925,415,24073,763,22811,1414,22405,1081,1573,1232,22.85,-3.39,25.08,-20.33,6.09,-52.02,-0.01,-35.81,115,39_0001250_0001274-reel_begin_end,227,-81.901673,173.330638
9,26951,407,27114,826,25849,1410,25435,1076,1573,1232,22.79,-3.0,25.25,-23.4,6.21,-51.82,-0.01,-35.56,115,39_0001250_0001274-reel_begin_end,228,-81.91925,173.37579
4,11824,450,11998,945,10707,1409,10298,1075,1576,1238,22.83,-4.8,25.44,-29.03,6.13,-51.75,0.01,-35.4,115,39_0001300_0001324-reel_begin_end,246,-82.234081,174.237966
5,14824,379,14991,565,13939,1407,13305,1075,1576,1238,22.83,-1.32,25.33,-10.43,9.6,-51.66,0.12,-35.4,115,39_0001300_0001324-reel_begin_end,247,-82.251071,174.295884
6,17854,400,18025,665,16596,1403,16328,1078,1576,1238,22.83,-2.35,25.39,-15.33,4.02,-51.46,0.01,-35.55,115,39_0001300_0001324-reel_begin_end,248,-82.268378,174.348355
7,20874,408,21041,589,19612,1405,19355,1072,1576,1238,22.83,-2.74,25.33,-11.6,3.96,-51.56,0.12,-35.25,115,39_0001300_0001324-reel_begin_end,249,-82.28578,174.399346
8,23881,393,24055,800,22626,1407,22358,1074,1576,1238,22.79,-2.01,25.39,-21.94,4.02,-51.66,0.01,-35.35,115,39_0001300_0001324-reel_begin_end,250,-82.303103,174.451958
9,26901,397,27071,667,25809,1410,25385,1079,1576,1238,22.79,-2.2,25.33,-15.42,6.46,-51.8,0.12,-35.6,115,39_0001300_0001324-reel_begin_end,251,-82.32053,174.502718
10,29931,393,30097,895,28807,1404,28419,1094,1576,1238,22.79,-2.01,25.27,-26.59,5.98,-51.51,0.18,-36.33,115,39_0001300_0001324-reel_begin_end,252,-82.338016,174.552467
11,32937,389,33107,971,31835,1409,31421,1090,1576,1238,22.73,-1.81,25.27,-30.31,6.25,-51.75,0.06,-36.13,115,39_0001300_0001324-reel_begin_end,253,-82.355442,174.603431
12,35954,408,36114,808,35073,1408,34431,1074,1576,1238,22.83,-2.74,25.23,-22.33,9.66,-51.7,0.06,-35.35,115,39_0001300_0001324-reel_begin_end,254,-82.372627,174.65903
1,4269,393,4432,931,3000,1401,2749,1070,1576,2742,22.91,-2.19,25.36,-28.53,3.82,-51.54,0.04,-35.33,115,39_0001325_0001349-reel_begin_end,258,-82.441863,174.873633
3,7281,416,7441,868,6190,1402,5762,1071,1576,2742,22.79,-3.31,25.2,-25.44,6.37,-51.59,-0.06,-35.38,115,39_0001325_0001349-reel_begin_end,259,-82.459335,174.924515
4,10316,442,10479,1014,9478,1411,8789,1074,1576,2742,23.01,-4.58,25.47,-32.59,10.41,-52.03,0.04,-35.53,115,39_0001325_0001349-reel_begin_end,260,-82.47651,174.980911
5,13325,434,13477,900,12241,1409,11806,1072,1576,2742,22.85,-4.19,25.14,-27.01,6.54,-51.93,-0.0,-35.43,115,39_0001325_0001349-reel_begin_end,261,-82.493705,175.037057
6,16335,431,16498,978,15465,1410,14819,1071,1576,2742,22.85,-4.05,25.3,-30.83,9.76,-51.98,0.04,-35.38,115,39_0001325_0001349-reel_begin_end,262,-82.511189,175.088071
7,19366,445,19525,860,18245,1408,17847,1072,1576,2742,23.01,-4.73,25.41,-25.05,6.15,-51.88,0.16,-35.43,115,39_0001325_0001349-reel_begin_end,263,-82.528294,175.146274
9,25389,403,25584,1081,24268,1406,23866,1089,1576,2742,22.91,-2.67,25.84,-35.87,6.04,-51.78,-0.0,-36.26,115,39_0001325_0001349-reel_begin_end,264,-82.545627,175.200369
4,11834,415,11994,986,10728,1400,10311,1089,1576,1248,23.21,-3.87,25.66,-31.5,6.26,-51.53,-0.12,-36.48,115,39_0001350_0001374-reel_begin_end,271,-82.665296,175.607118
5,14838,398,15005,996,13765,1403,13315,1090,1576,1248,23.27,-3.04,25.83,-31.98,6.83,-51.68,-0.06,-36.53,115,39_0001350_0001374-reel_begin_end,272,-82.682675,175.660014
7,20884,440,21033,920,19804,1407,19358,1094,1576,1248,23.21,-5.08,25.5,-28.3,6.66,-51.87,-0.17,-36.72,115,39_0001350_0001374-reel_begin_end,273,-82.700157,175.711963
8,23891,402,24057,953,22799,1410,22375,1091,1576,1248,23.17,-3.24,25.71,-29.9,6.43,-52.02,-0.06,-36.58,115,39_0001350_0001374-reel_begin_end,274,-82.717147,175.773752
9,26901,387,27071,918,25820,1399,25381,1092,1576,1248,23.17,-2.51,25.77,-28.21,6.6,-51.48,-0.12,-36.63,115,39_0001350_0001374-reel_begin_end,275,-82.734353,175.831839
10,29938,402,30108,946,28850,1402,28411,1091,1576,1248,23.27,-3.24,25.88,-29.56,6.6,-51.63,-0.12,-36.58,115,39_0001350_0001374-reel_begin_end,276,-82.751418,175.892547
11,32951,400,33117,749,31801,1404,31435,1091,1576,1248,23.17,-3.14,25.71,-20.03,5.54,-51.72,-0.06,-36.58,115,39_0001350_0001374-reel_begin_end,277,-82.768348,175.955806
12,35957,390,36127,801,34858,1402,34441,1087,1576,1248,23.11,-2.66,25.71,-22.55,6.26,-51.63,-0.12,-36.39,115,39_0001350_0001374-reel_begin_end,278,-82.785317,176.018554
1,4282,412,4470,909,3169,1400,2759,1089,1569,2755,23.15,-2.99,26.01,-27.46,6.2,-51.65,-0.04,-36.33,115,39_0001375_0001399-reel_begin_end,283,-82.870309,176.330899
2,7288,382,7459,766,6186,1403,5773,1097,1569,2755,23.09,-1.51,25.69,-20.42,6.31,-51.8,0.02,-36.72,115,39_0001375_0001399-reel_begin_end,284,-82.88739,176.392598
3,10312,403,10497,877,9420,1402,8793,1098,1569,2755,23.15,-2.54,25.97,-25.89,9.56,-51.75,0.02,-36.77,115,39_0001375_0001399-reel_begin_end,285,-82.904596,176.452004
4,13335,428,13516,801,12218,1401,11819,1104,1569,2755,23.04,-3.77,25.8,-22.14,6.03,-51.7,-0.04,-37.07,115,39_0001375_0001399-reel_begin_end,286,-82.922022,176.507361
5,16342,387,16527,869,15240,1405,14823,1096,1569,2755,23.15,-1.75,25.97,-25.49,6.37,-51.89,0.02,-36.67,115,39_0001375_0001399-reel_begin_end,287,-82.938923,176.572551
6,19448,380,19633,787,18317,1400,17933,1092,1569,2755,23.09,-1.41,25.91,-21.46,5.86,-51.65,0.02,-36.48,115,39_0001375_0001399-reel_begin_end,288,-82.955952,176.635738
7,22472,391,22678,842,21341,1401,20949,1091,1569,2755,23.15,-1.95,26.29,-24.16,5.93,-51.7,-0.04,-36.43,115,39_0001375_0001399-reel_begin_end,289,-82.973062,176.697683
8,25485,409,25685,939,24398,1401,23963,1088,1569,2755,23.2,-2.84,26.24,-28.94,6.64,-51.7,0.02,-36.28,115,39_0001375_0001399-reel_begin_end,290,-82.990051,176.76197
9,28495,388,28698,861,27421,1400,26979,1088,1569,2755,23.04,-1.8,26.13,-25.1,6.69,-51.65,-0.04,-36.28,115,39_0001375_0001399-reel_begin_end,291,-83.007442,176.81877
10,31538,378,31741,793,30632,1409,30023,1090,1569,2755,23.09,-1.31,26.18,-21.75,9.29,-52.09,0.02,-36.38,115,39_0001375_0001399-reel_begin_end,292,-83.024239,176.886156
11,34535,374,34734,841,33465,1400,33019,1088,1569,2755,23.04,-1.11,26.07,-24.11,6.75,-51.65,-0.04,-36.28,115,39_0001375_0001399-reel_begin_end,293,-83.040981,176.954888
12,37554,378,37739,838,36416,1414,36028,1090,1569,2755,25.57,-1.31,28.39,-23.97,8.24,-52.34,2.33,-36.38,115,39_0001375_0001399-reel_begin_end,294,-83.058128,177.016946
1,2775,392,2964,799,1695,1393,1252,1088,1573,1245,22.86,-2.45,25.72,-22.26,6.51,-51.17,-0.19,-36.32,115,39_0001400_0001424-reel_begin_end,297,-83.109153,177.21166
2,5788,386,5973,741,4889,1403,4269,1091,1573,1245,22.75,-2.16,25.55,-19.43,9.14,-51.66,-0.24,-36.47,115,39_0001400_0001424-reel_begin_end,298,-83.126016,177.279502
3,8795,380,9002,1011,7718,1398,7269,1092,1573,1245,22.86,-1.86,25.99,-32.58,6.56,-51.41,-0.24,-36.52,115,39_0001400_0001424-reel_begin_end,299,-83.142929,177.346646
4,11825,365,12032,834,10741,1396,10302,1088,1573,1245,22.86,-1.13,25.99,-23.96,6.45,-51.32,-0.19,-36.32,115,39_0001400_0001424-reel_begin_end,300,-83.1599,177.412915
5,14841,435,15048,789,13775,1390,13319,1088,1573,1245,22.8,-4.54,25.93,-21.77,6.66,-51.02,-0.24,-36.32,115,39_0001400_0001424-reel_begin_end,301,-83.1769,177.478828
6,17851,375,18058,721,16597,1387,16325,1088,1573,1245,22.8,-1.62,25.93,-18.46,3.82,-50.88,-0.3,-36.32,115,39_0001400_0001424-reel_begin_end,302,-83.193898,177.544959
7,20875,414,21089,806,19740,1390,19356,1087,1573,1245,22.86,-3.52,26.1,-22.6,5.68,-51.02,-0.13,-36.28,115,39_0001400_0001424-reel_begin_end,303,-83.211128,177.606822
8,23898,433,24112,835,22785,1392,22382,1090,1573,1245,22.75,-4.44,25.99,-24.01,5.91,-51.12,-0.19,-36.42,115,39_0001400_0001424-reel_begin_end,304,-83.228116,177.673338
9,26905,408,27119,863,25861,1394,25386,1091,1573,1245,22.86,-3.23,26.1,-25.37,7.06,-51.22,-0.13,-36.47,115,39_0001400_0001424-reel_begin_end,305,-83.244831,177.744903
10,29931,374,30153,961,28862,1399,28409,1092,1573,1245,22.8,-1.57,26.16,-30.14,6.62,-51.46,-0.24,-36.52,115,39_0001400_0001424-reel_begin_end,306,-83.261216,177.822012
11,32951,395,33169,763,31875,1396,31436,1096,1573,1245,22.8,-2.59,26.1,-20.51,6.51,-51.32,-0.13,-36.71,115,39_0001400_0001424-reel_begin_end,307,-83.278008,177.892628
12,35958,403,36179,866,34830,1390,34439,1101,1573,1245,22.75,-2.98,26.1,-25.52,5.68,-51.02,-0.24,-36.96,115,39_0001400_0001424-reel_begin_end,,,
1,4257,413,4482,877,3227,1402,2760,1093,1580,2756,22.7,-3.77,26.13,-26.22,7.02,-51.63,-0.09,-36.68,115,39_0001425_0001449-reel_begin_end,308,-83.292783,177.987821
2,7337,390,7562,980,6242,1396,5840,1089,1580,2756,22.7,-2.66,26.13,-31.21,6.03,-51.34,-0.09,-36.48,115,39_0001425_0001449-reel_begin_end,309,-83.305874,178.102441
3,10353,425,10571,802,9320,1396,8856,1087,1580,2756,22.64,-4.35,25.96,-22.59,6.91,-51.34,-0.16,-36.39,115,39_0001425_0001449-reel_begin_end,310,-83.318421,178.221772
4,13450,368,13675,642,12630,1401,11960,1086,1580,2756,22.6,-1.59,26.02,-14.85,10.11,-51.58,-0.09,-36.34,115,39_0001425_0001449-reel_begin_end,311,-83.331943,178.33316
5,16461,384,16682,869,15605,1397,14960,1088,1580,2756,22.76,-2.37,26.13,-25.84,9.73,-51.39,-0.09,-36.43,115,39_0001425_0001449-reel_begin_end,312,-83.344893,178.449617
6,19474,363,19710,970,18419,1395,17970,1094,1580,2756,22.81,-1.35,26.4,-30.72,6.74,-51.29,-0.09,-36.72,115,39_0001425_0001449-reel_begin_end,313,-83.357282,178.570828
7,22586,353,22829,902,21506,1391,21093,1085,1580,2756,22.64,-0.87,26.34,-27.43,6.2,-51.1,-0.09,-36.29,115,39_0001425_0001449-reel_begin_end,314,-83.369258,178.695364
8,25600,375,25836,903,24509,1384,24103,1088,1580,2756,22.7,-1.93,26.3,-27.48,6.09,-50.76,-0.09,-36.43,115,39_0001425_0001449-reel_begin_end,315,-83.381212,178.820286
9,28610,362,28838,541,27537,1394,27116,1086,1580,2756,22.7,-1.3,26.18,-9.96,6.36,-51.24,-0.05,-36.34,115,39_0001425_0001449-reel_begin_end,316,-83.393951,178.939387
10,31644,380,31872,667,30556,1385,30143,1087,1580,2756,22.76,-2.17,26.24,-16.06,6.2,-50.81,-0.09,-36.39,115,39_0001425_0001449-reel_begin_end,317,-83.406958,179.056579
11,34609,389,34838,804,33757,1400,33163,1085,1580,2756,21.93,-2.61,25.41,-22.69,8.95,-51.53,-0.09,-36.29,115,39_0001425_0001449-reel_begin_end,318,-83.41989,179.174589
12,37614,382,37860,991,36762,1403,36113,1092,1580,2756,24.97,-2.27,28.72,-31.74,12.0,-51.68,2.11,-36.63,115,39_0001425_0001449-reel_begin_end,319,-83.432144,179.298263
1,2742,339,2971,681,1698,1390,1241,1091,1573,1238,22.57,0.79,26.01,-16.06,6.86,-50.98,-0.01,-36.25,115,39_0001450_0001474-reel_begin_end,321,-83.456153,179.549019
2,5770,380,6009,959,4700,1383,4269,1084,1573,1238,22.69,-1.23,26.28,-29.75,6.59,-50.63,0.11,-35.91,115,39_0001450_0001474-reel_begin_end,322,-83.469161,179.667277
3,8772,360,9015,871,7924,1398,7271,1084,1573,1238,22.57,-0.25,26.22,-25.41,9.81,-51.37,-0.01,-35.91,115,39_0001450_0001474-reel_begin_end,323,-83.481665,179.789957
4,11792,344,12039,886,10716,1394,10291,1087,1573,1238,22.57,0.54,26.28,-26.15,6.38,-51.17,-0.01,-36.05,115,39_0001450_0001474-reel_begin_end,324,-83.493857,179.915286
5,14819,346,15062,790,13974,1394,13325,1081,1573,1238,22.52,0.44,26.18,-21.42,9.81,-51.17,0.05,-35.76,115,39_0001450_0001474-reel_begin_end,325,-83.506219,-179.960463
6,17849,339,18088,971,16975,1401,16355,1083,1573,1238,22.52,0.79,26.12,-30.34,9.37,-51.52,0.05,-35.86,115,39_0001450_0001474-reel_begin_end,326,-83.518714,-179.837015
7,20869,321,21126,1043,20017,1396,19371,1088,1573,1238,22.52,1.68,26.39,-33.89,9.71,-51.27,-0.01,-36.1,115,39_0001450_0001474-reel_begin_end,327,-83.531128,-179.712739
8,23902,379,24138,699,22815,1395,22401,1089,1573,1238,22.57,-1.18,26.12,-16.94,6.21,-51.22,-0.01,-36.15,115,39_0001450_0001474-reel_begin_end,328,-83.542895,-179.583309
9,26905,331,27152,795,25839,1391,25408,1094,1573,1238,22.46,1.18,26.18,-21.67,6.43,-51.03,-0.06,-36.4,115,39_0001450_0001474-reel_begin_end,329,-83.555264,-179.458164
10,29922,312,30180,958,28875,1390,28425,1096,1573,1238,22.57,2.12,26.45,-29.7,6.82,-50.98,0.05,-36.5,115,39_0001450_0001474-reel_begin_end,330,-83.567082,-179.328712
11,32949,328,33217,1033,32071,1395,31462,1100,1573,1238,22.52,1.33,26.56,-33.39,9.31,-51.22,0.15,-36.69,115,39_0001450_0001474-reel_begin_end,331,-83.578792,-179.198193
12,35965,353,36208,942,35059,1399,34471,1101,1573,1238,22.46,0.1,26.12,-28.91,8.83,-51.42,-0.01,-36.74,115,39_0001450_0001474-reel_begin_end,332,-83.590854,-179.06997
1,4255,324,4502,878,3388,1398,2754,1090,1573,2750,22.57,1.69,26.29,-25.76,9.53,-51.53,-0.01,-36.27,115,39_0001475_0001499-reel_begin_end,333,-83.60313,-178.943147
2,7271,356,7529,988,6387,1397,5774,1081,1573,2750,22.51,0.1,26.4,-31.21,9.21,-51.48,-0.01,-35.82,115,39_0001475_0001499-reel_begin_end,334,-83.615288,-178.815164
3,10274,340,10528,796,9426,1397,8788,1087,1573,2750,22.41,0.89,26.23,-21.7,9.65,-51.48,0.05,-36.12,115,39_0001475_0001499-reel_begin_end,335,-83.627231,-178.685324
4,13305,352,13555,723,12391,1397,11808,1079,1573,2750,22.57,0.3,26.34,-18.08,8.82,-51.48,0.05,-35.72,115,39_0001475_0001499-reel_begin_end,336,-83.63896,-178.553668
5,16325,327,16586,842,15263,1385,14831,1076,1573,2750,22.57,1.54,26.5,-23.98,6.6,-50.88,0.1,-35.57,115,39_0001475_0001499-reel_begin_end,337,-83.651253,-178.426004
6,19335,363,19585,621,18476,1395,17838,1078,1573,2750,22.57,-0.25,26.34,-13.03,9.65,-51.38,0.05,-35.67,115,39_0001475_0001499-reel_begin_end,338,-83.662303,-178.289379
7,22361,355,22612,627,21517,1398,20868,1084,1573,2750,22.51,0.15,26.29,-13.33,9.82,-51.53,0.05,-35.97,115,39_0001475_0001499-reel_begin_end,339,-83.673893,-178.156351
8,25378,347,25632,599,24283,1383,23884,1079,1573,2750,22.47,0.55,26.29,-11.94,5.99,-50.79,-0.01,-35.72,115,39_0001475_0001499-reel_begin_end,340,-83.686187,-178.027986
9,28385,392,28646,828,27515,1396,26888,1081,1573,2750,22.57,-1.68,26.5,-23.29,9.49,-51.43,0.05,-35.82,115,39_0001475_0001499-reel_begin_end,341,-83.698417,-177.898864
10,31409,335,31673,881,30357,1390,29908,1088,1573,2750,22.63,1.14,26.61,-25.91,6.81,-51.13,0.05,-36.17,115,39_0001475_0001499-reel_begin_end,342,-83.710093,-177.76533
11,34439,348,34689,704,33336,1383,32941,1078,1573,2750,22.63,0.5,26.4,-17.14,6.04,-50.79,0.1,-35.67,115,39_0001475_0001499-reel_begin_end,343,-83.720396,-177.622915
12,37447,357,37701,750,36337,1395,35946,1080,1573,2750,24.92,0.05,28.74,-19.42,8.22,-51.38,2.34,-35.77,115,39_0001475_0001499-reel_begin_end,344,-83.73109,-177.483253
2,5761,369,6019,772,4732,1393,4268,1076,1573,1230,22.59,-1.01,26.52,-20.74,6.92,-51.15,-0.15,-35.63,115,39_0001500_0001524-reel_begin_end,346,-83.753335,-177.208309
3,8775,360,9029,629,7727,1391,7278,1074,1573,1230,22.65,-0.57,26.52,-13.74,6.69,-51.05,-0.15,-35.53,115,39_0001500_0001524-reel_begin_end,347,-83.764682,-177.071635
4,11784,365,12038,665,10950,1398,10294,1078,1573,1230,22.48,-0.81,26.35,-15.5,9.78,-51.39,-0.21,-35.72,115,39_0001500_0001524-reel_begin_end,348,-83.77628,-176.936132
5,14821,334,15075,747,13730,1392,13324,1076,1573,1230,22.59,0.7,26.46,-19.52,5.97,-51.1,-0.21,-35.63,115,39_0001500_0001524-reel_begin_end,349,-83.787439,-176.797255
6,17828,339,18082,715,16798,1391,16334,1083,1573,1230,22.54,0.46,26.41,-17.95,6.86,-51.05,-0.21,-35.97,115,39_0001500_0001524-reel_begin_end,350,-83.797961,-176.653925
7,20838,320,21099,698,19739,1394,19344,1086,1573,1230,22.54,1.39,26.52,-17.12,5.81,-51.2,-0.21,-36.12,115,39_0001500_0001524-reel_begin_end,351,-83.809533,-176.517577
8,23868,345,24140,886,22976,1398,22370,1091,1573,1230,22.54,0.17,26.68,-26.32,8.96,-51.39,-0.27,-36.36,115,39_0001500_0001524-reel_begin_end,352,-83.821028,-176.380319
9,26885,374,27150,734,25812,1396,25388,1095,1573,1230,22.65,-1.25,26.68,-18.88,6.31,-51.29,-0.15,-36.56,115,39_0001500_0001524-reel_begin_end,353,-83.831846,-176.238397
10,29895,395,30160,865,28804,1390,28401,1097,1573,1230,22.65,-2.28,26.68,-25.3,6.03,-51.0,-0.1,-36.65,115,39_0001500_0001524-reel_begin_end,354,-83.841107,-176.086791
11,32921,377,33197,717,31877,1392,31424,1097,1573,1230,22.59,-1.4,26.79,-18.05,6.69,-51.1,-0.21,-36.65,115,39_0001500_0001524-reel_begin_end,355,-83.852888,-175.950912
12,35938,361,36210,829,35122,1397,34444,1090,1573,1230,22.54,-0.62,26.68,-23.53,10.12,-51.34,-0.21,-36.31,115,39_0001500_0001524-reel_begin_end,356,-83.864423,-175.81295
1,4252,392,4528,867,3364,1389,2748,1082,1573,2744,22.61,-2.45,26.74,-25.57,9.33,-50.98,0.12,-36.03,115,39_0001525_0001549-reel_begin_end,358,-83.886106,-175.526745
2,7275,354,7558,784,6206,1392,5778,1073,1573,2744,22.51,-0.6,26.74,-21.53,6.52,-51.12,0.12,-35.59,115,39_0001525_0001549-reel_begin_end,359,-83.89574,-175.375814
3,10274,361,10568,993,9205,1387,8784,1072,1573,2744,22.34,-0.94,26.74,-31.7,6.36,-50.88,0.06,-35.55,115,39_0001525_0001549-reel_begin_end,360,-83.906134,-175.229276
4,13295,317,13596,788,12447,1390,11801,1073,1573,2744,22.51,1.2,27.01,-21.72,9.83,-51.02,0.17,-35.59,115,39_0001525_0001549-reel_begin_end,361,-83.916256,-175.080863
5,16321,344,16630,818,15227,1391,14831,1073,1573,2744,22.45,-0.11,27.07,-23.18,6.09,-51.07,0.17,-35.59,115,39_0001525_0001549-reel_begin_end,362,-83.925703,-174.928186
6,19371,328,19680,835,18280,1389,17874,1076,1573,2744,22.45,0.67,27.07,-24.01,6.13,-50.98,0.06,-35.74,115,39_0001525_0001549-reel_begin_end,363,-83.936392,-174.782659
7,22389,321,22697,814,21323,1380,20891,1074,1573,2744,22.57,1.01,27.17,-22.99,6.63,-50.54,0.17,-35.64,115,39_0001525_0001549-reel_begin_end,364,-83.947674,-174.640983
8,25421,358,25733,806,24345,1388,23928,1074,1573,2744,22.45,-0.79,27.11,-22.6,6.36,-50.93,0.12,-35.64,115,39_0001525_0001549-reel_begin_end,365,-83.957304,-174.48965
9,28429,356,28726,781,27385,1387,26931,1075,1573,2744,22.57,-0.69,27.01,-21.38,6.96,-50.88,0.17,-35.69,115,39_0001525_0001549-reel_begin_end,366,-83.966462,-174.335922
10,31439,369,31740,873,30598,1391,29941,1076,1573,2744,22.57,-1.33,27.07,-25.86,9.99,-51.07,0.17,-35.74,115,39_0001525_0001549-reel_begin_end,367,-83.9787,-174.200827
11,34469,337,34777,898,33595,1388,32971,1073,1573,2744,22.57,0.23,27.17,-27.08,9.5,-50.93,0.17,-35.59,115,39_0001525_0001549-reel_begin_end,368,-83.989056,-174.0522
12,37482,378,37790,925,36640,1401,35981,1075,1573,2744,25.07,-1.77,29.67,-28.39,12.47,-51.56,2.62,-35.69,115,39_0001525_0001549-reel_begin_end,369,-83.99808,-173.895673
1,2728,358,3050,878,1738,1390,1234,1073,1576,1223,22.34,0.18,27.13,-25.58,7.63,-50.95,0.14,-35.25,115,39_0001550_0001574-reel_begin_end,371,-84.0181,-173.594613
2,5758,375,6106,1054,4902,1390,4264,1074,1576,1223,22.34,-0.66,27.52,-34.3,9.62,-50.95,0.14,-35.3,115,39_0001550_0001574-reel_begin_end,372,-84.027465,-173.438949
4,11781,374,12108,1041,10549,1372,10284,1071,1576,1223,22.39,-0.61,27.25,-33.66,4.07,-50.06,0.14,-35.15,115,39_0001550_0001574-reel_begin_end,373,-84.037057,-173.284222
5,14811,399,15130,895,13912,1383,13318,1087,1576,1223,22.39,-1.85,27.13,-26.43,9.02,-50.61,0.2,-35.94,115,39_0001550_0001574-reel_begin_end,374,-84.046421,-173.128162
6,17828,407,18158,872,17045,1354,16334,1071,1576,1223,22.34,-2.25,27.25,-25.29,10.7,-49.17,0.14,-35.15,115,39_0001550_0001574-reel_begin_end,375,-84.054851,-172.967077
7,20827,355,21186,1125,20178,1366,19337,1071,1576,1223,22.18,0.33,27.52,-37.82,12.53,-49.76,0.03,-35.15,115,39_0001550_0001574-reel_begin_end,376,-84.065748,-172.819788
8,23854,384,24188,738,22893,1325,22357,1071,1576,1223,22.28,-1.11,27.25,-18.65,8.0,-47.73,0.03,-35.15,115,39_0001550_0001574-reel_begin_end,377,-84.075192,-172.663438
10,29884,359,30214,877,29192,1296,28390,1074,1576,1223,22.28,0.13,27.19,-25.53,12.0,-46.29,0.08,-35.3,115,39_0001550_0001574-reel_begin_end,378,-84.083699,-172.501652
11,32900,416,33241,883,31907,1290,31410,1085,1576,1223,22.22,-2.69,27.29,-25.83,7.46,-46.0,0.08,-35.84,115,39_0001550_0001574-reel_begin_end,379,-84.092026,-172.338802
12,35927,360,36271,924,35332,1300,34433,1076,1576,1223,22.18,0.08,27.29,-27.86,13.34,-46.49,-0.03,-35.39,115,39_0001550_0001574-reel_begin_end,380,-84.101503,-172.181645
1,3967,391,4319,862,3242,1392,2814,1064,1584,2810,17.51,-2.22,22.88,-25.15,6.47,-50.94,-0.04,-34.98,115,39_0001625_0001649-reel_begin_end,408,-84.386747,-167.808658
2,6968,384,7320,924,6272,1394,5848,1065,1584,2810,17.07,-1.88,22.43,-28.17,6.47,-51.04,0.02,-35.03,115,39_0001625_0001649-reel_begin_end,409,-84.39741,-167.651066
3,9952,317,10318,778,9285,1392,8868,1063,1584,2810,16.52,1.38,22.1,-21.06,6.37,-50.94,0.02,-34.93,115,39_0001625_0001649-reel_begin_end,410,-84.40731,-167.487919
4,12923,359,13303,792,12303,1398,11871,1063,1584,2810,16.08,-0.66,21.87,-21.74,6.64,-51.24,0.06,-34.93,115,39_0001625_0001649-reel_begin_end,411,-84.416165,-167.318317
5,15996,326,16392,822,15358,1398,14978,1064,1584,2810,15.52,0.94,21.55,-23.2,5.8,-51.24,0.02,-34.98,115,39_0001625_0001649-reel_begin_end,412,-84.425369,-167.150426
6,19088,349,19480,893,18490,1398,18091,1065,1584,2810,15.25,-0.18,21.22,-26.66,6.14,-51.24,0.06,-35.03,115,39_0001625_0001649-reel_begin_end,413,-84.435194,-166.986072
7,22059,311,22458,928,21523,1398,21091,1062,1584,2810,14.8,1.67,20.88,-28.36,6.64,-51.24,0.06,-34.88,115,39_0001625_0001649-reel_begin_end,414,-84.445425,-166.823986
8,25057,287,25455,911,24545,1402,24118,1068,1584,2810,14.32,2.84,20.38,-27.53,6.52,-51.43,0.02,-35.17,115,39_0001625_0001649-reel_begin_end,415,-84.456073,-166.664485
11,34208,286,34614,954,33751,1403,33341,1074,1584,2810,13.27,2.89,19.45,-29.63,6.31,-51.48,0.06,-35.47,115,39_0001625_0001649-reel_begin_end,416,-84.465403,-166.496306
12,37225,295,37628,879,36772,1408,36366,1074,1584,2810,15.52,2.45,21.66,-25.97,8.62,-51.72,2.44,-35.47,115,39_0001625_0001649-reel_begin_end,417,-84.475423,-166.332458
2,6196,277,6787,1057,6116,1375,5862,1074,1580,2842,5.13,3.86,14.08,-34.11,3.92,-49.59,0.08,-34.94,115,39_0001725_0001749-reel_begin_end,458,-84.811162,-158.940496
4,9233,277,9741,994,9121,1381,8892,1067,1580,2842,5.24,3.86,12.93,-31.04,3.54,-49.88,0.08,-34.6,115,39_0001725_0001749-reel_begin_end,459,-84.81653,-158.741777
5,12326,277,12801,766,12221,1397,11985,1065,1580,2842,5.13,3.86,12.32,-19.95,3.54,-50.66,-0.03,-34.5,115,39_0001725_0001749-reel_begin_end,460,-84.823517,-158.549657
6,15337,277,15779,803,15203,1389,14989,1064,1580,2842,5.3,3.86,11.99,-21.75,3.27,-50.27,0.03,-34.45,115,39_0001725_0001749-reel_begin_end,461,-84.831296,-158.360459
7,18349,276,18773,817,18233,1390,18022,1066,1580,2842,5.03,3.91,11.45,-22.43,3.27,-50.32,0.08,-34.55,115,39_0001725_0001749-reel_begin_end,462,-84.838772,-158.169474
8,21354,277,21782,797,21264,1397,21039,1065,1580,2842,4.8,3.86,11.28,-21.45,3.44,-50.66,0.03,-34.5,115,39_0001725_0001749-reel_begin_end,463,-84.844571,-157.971232
13,36601,278,36924,807,36507,1397,36293,1068,1580,2842,7.16,3.81,12.05,-21.94,5.74,-50.66,2.5,-34.64,115,39_0001725_0001749-reel_begin_end,464,-84.850991,-157.77516
1,3029,275,3522,1003,2992,1375,2778,1089,1580,2771,3.85,4.48,11.09,-31.38,3.31,-49.7,0.16,-35.62,115,39_0001875_0001899-reel_begin_end,533,-84.801178,-146.717179
2,6045,276,6534,884,6005,1372,5798,1088,1580,2771,3.79,4.43,10.98,-25.52,3.2,-49.55,0.16,-35.57,115,39_0001875_0001899-reel_begin_end,534,-84.782446,-146.71297
3,9048,275,9548,1049,9022,1379,8808,1089,1580,2771,3.69,4.48,11.03,-33.65,3.31,-49.9,0.16,-35.62,115,39_0001875_0001899-reel_begin_end,535,-84.763711,-146.719794
4,12070,278,12578,878,12034,1374,11835,1092,1580,2771,3.57,4.33,11.03,-25.22,3.04,-49.65,0.12,-35.76,115,39_0001875_0001899-reel_begin_end,536,-84.744989,-146.726228
5,15098,276,15587,814,15069,1377,14858,1094,1580,2771,3.69,4.43,10.87,-22.07,3.26,-49.8,0.16,-35.86,115,39_0001875_0001899-reel_begin_end,537,-84.72632,-146.711241
6,18104,277,18579,806,18064,1373,17865,1094,1580,2771,3.63,4.38,10.61,-21.68,3.04,-49.6,0.12,-35.86,115,39_0001875_0001899-reel_begin_end,538,-84.708242,-146.658321
7,21131,276,21588,785,21095,1376,20892,1095,1580,2771,3.73,4.43,10.45,-20.64,3.2,-49.75,0.22,-35.91,115,39_0001875_0001899-reel_begin_end,539,-84.690959,-146.579728
8,24158,277,24625,794,24114,1375,23918,1094,1580,2771,3.69,4.38,10.55,-21.09,3.04,-49.7,0.16,-35.86,115,39_0001875_0001899-reel_begin_end,540,-84.673434,-146.507914
9,27168,276,27621,873,27117,1376,26921,1094,1580,2771,3.69,4.43,10.34,-24.98,2.94,-49.75,0.06,-35.86,115,39_0001875_0001899-reel_begin_end,541,-84.655962,-146.434862
10,30195,276,30626,758,30148,1371,29945,1095,1580,2771,3.79,4.43,10.12,-19.31,3.1,-49.51,0.12,-35.91,115,39_0001875_0001899-reel_begin_end,542,-84.638101,-146.373825
11,33222,276,33650,765,33179,1377,32972,1094,1580,2771,3.9,4.43,10.18,-19.66,3.26,-49.8,0.22,-35.86,115,39_0001875_0001899-reel_begin_end,543,-84.620725,-146.29912
12,36237,277,36665,785,36190,1384,35980,1095,1580,2771,6.29,4.38,12.58,-20.64,5.6,-50.15,2.51,-35.91,115,39_0001875_0001899-reel_begin_end,544,-84.60314,-146.230214
1,2526,353,2675,900,1645,1371,1243,1090,1591,1239,19.49,-0.34,21.76,-26.81,6.08,-49.6,-0.04,-36.0,115,39_0002776_0002800-reel_begin_end,1002,-83.535253,-158.575871
2,5529,367,5681,770,4659,1375,4253,1089,1591,1239,19.39,-1.02,21.7,-20.52,6.14,-49.8,-0.04,-35.96,115,39_0002776_0002800-reel_begin_end,1003,-83.52035,-158.676374
3,8553,375,8694,512,7672,1376,7277,1091,1591,1239,19.45,-1.41,21.6,-8.03,6.03,-49.84,0.02,-36.05,115,39_0002776_0002800-reel_begin_end,1004,-83.506387,-158.786453
4,11660,389,11823,907,10630,1372,10380,1094,1591,1239,19.56,-2.08,22.04,-27.15,3.87,-49.65,0.06,-36.2,115,39_0002776_0002800-reel_begin_end,1005,-83.493263,-158.904293
5,14746,365,14912,872,13716,1374,13477,1111,1591,1239,19.34,-0.92,21.87,-25.46,3.66,-49.75,0.02,-37.02,115,39_0002776_0002800-reel_begin_end,1006,-83.481011,-159.029098
6,17858,338,18003,609,16814,1370,16578,1091,1591,1239,19.56,0.38,21.76,-12.73,3.66,-49.55,0.06,-36.05,115,39_0002776_0002800-reel_begin_end,1007,-83.469968,-159.162196
7,20888,364,21026,489,19829,1370,19605,1089,1591,1239,19.56,-0.87,21.66,-6.92,3.43,-49.55,0.02,-35.96,115,39_0002776_0002800-reel_begin_end,1008,-83.456408,-159.274797
8,23891,362,24039,757,22843,1368,22615,1087,1591,1239,19.45,-0.78,21.7,-19.89,3.49,-49.46,0.02,-35.86,115,39_0002776_0002800-reel_begin_end,1009,-83.441147,-159.368655
9,26907,368,27056,719,26037,1371,25635,1087,1591,1239,19.39,-1.07,21.66,-18.05,6.14,-49.6,0.02,-35.86,115,39_0002776_0002800-reel_begin_end,1010,-83.424822,-159.448825
10,29941,370,30089,775,29063,1369,28661,1076,1591,1239,19.45,-1.16,21.7,-20.76,6.08,-49.5,-0.04,-35.33,115,39_0002776_0002800-reel_begin_end,1011,-83.408266,-159.525129
11,32954,351,33099,707,32081,1374,31678,1077,1591,1239,19.49,-0.24,21.7,-17.47,6.2,-49.75,0.06,-35.37,115,39_0002776_0002800-reel_begin_end,1012,-83.391594,-159.599306
12,35968,344,36109,646,35098,1369,34685,1072,1591,1239,19.56,0.09,21.7,-14.52,6.31,-49.5,0.02,-35.13,115,39_0002776_0002800-reel_begin_end,1013,-83.375543,-159.682829
1,4032,358,4173,745,3202,1370,2752,1070,1591,2745,19.25,-0.44,21.37,-19.28,6.76,-49.7,-0.01,-35.1,115,39_0002801_0002825-reel_begin_end,1014,-83.360685,-159.780728
2,7042,362,7180,759,5991,1375,5762,1073,1591,2745,19.25,-0.63,21.32,-19.96,3.43,-49.94,-0.01,-35.24,115,39_0002801_0002825-reel_begin_end,1015,-83.34658,-159.8871
3,10072,376,10206,733,9006,1373,8792,1072,1591,2745,19.25,-1.32,21.26,-18.69,3.21,-49.84,-0.01,-35.19,115,39_0002801_0002825-reel_begin_end,1016,-83.332745,-159.995872
4,13085,287,13226,737,12197,1373,11812,1071,1591,2745,19.14,3.02,21.26,-18.89,5.78,-49.84,-0.01,-35.14,115,39_0002801_0002825-reel_begin_end,1017,-83.319026,-160.105515
5,16091,349,16233,634,15076,1376,14819,1072,1591,2745,19.08,-0.0,21.22,-13.87,3.81,-49.99,-0.06,-35.19,115,39_0002801_0002825-reel_begin_end,1018,-83.303891,-160.199569
6,19193,358,19331,686,18157,1373,17917,1072,1591,2745,19.19,-0.44,21.26,-16.4,3.6,-49.84,-0.01,-35.19,115,39_0002801_0002825-reel_begin_end,1019,-83.288354,-160.289069
7,22220,366,22354,612,21194,1375,20940,1071,1591,2745,19.14,-0.83,21.16,-12.8,3.7,-49.94,-0.12,-35.14,115,39_0002801_0002825-reel_begin_end,1020,-83.273122,-160.381911
8,25227,338,25361,687,24201,1369,23951,1073,1591,2745,19.25,0.53,21.26,-16.45,3.81,-49.65,0.05,-35.24,115,39_0002801_0002825-reel_begin_end,1021,-83.258484,-160.481449
9,28200,340,28338,668,27192,1367,26967,1073,1591,2745,18.54,0.44,20.61,-15.53,3.37,-49.55,-0.01,-35.24,115,39_0002801_0002825-reel_begin_end,1022,-83.243408,-160.575912
10,31230,377,31368,625,30189,1370,29954,1073,1591,2745,19.14,-1.36,21.22,-13.44,3.48,-49.7,-0.06,-35.24,115,39_0002801_0002825-reel_begin_end,1023,-83.229106,-160.678273
11,34237,369,34371,536,33215,1372,32961,1073,1591,2745,19.25,-0.97,21.26,-9.1,3.87,-49.79,0.05,-35.24,115,39_0002801_0002825-reel_begin_end,1024,-83.215093,-160.783471
12,37258,347,37392,714,36163,1370,35978,1074,1591,2745,21.43,0.1,23.44,-17.77,4.95,-49.7,2.17,-35.29,115,39_0002801_0002825-reel_begin_end,1025,-83.201097,-160.888612
1,2526,356,2661,608,1816,1373,1247,1074,1594,1239,18.9,-0.49,20.89,-12.68,8.41,-49.7,-0.0,-35.23,115,39_0002826_0002850-reel_begin_end,1027,-83.172384,-161.090807
2,5536,354,5671,485,4474,1368,4257,1073,1594,1239,18.9,-0.39,20.89,-6.73,3.2,-49.46,-0.0,-35.18,115,39_0002826_0002850-reel_begin_end,1028,-83.157781,-161.189184
3,8553,343,8687,461,7675,1367,7269,1074,1594,1239,18.85,0.14,20.83,-5.57,5.88,-49.41,-0.12,-35.23,115,39_0002826_0002850-reel_begin_end,1029,-83.143392,-161.289598
4,11579,316,11731,853,10528,1370,10303,1075,1594,1239,18.79,1.45,21.04,-24.54,3.26,-49.55,-0.06,-35.28,115,39_0002826_0002850-reel_begin_end,1030,-83.129085,-161.390608
5,14596,409,14741,591,13570,1365,13317,1074,1594,1239,18.9,-3.05,21.04,-11.86,3.74,-49.31,-0.0,-35.23,115,39_0002826_0002850-reel_begin_end,1031,-83.114134,-161.484671
6,17599,335,17748,694,16740,1368,16327,1075,1594,1239,18.79,0.53,20.99,-16.84,6.1,-49.46,-0.0,-35.28,115,39_0002826_0002850-reel_begin_end,1032,-83.100094,-161.587599
7,20633,340,20792,921,19567,1370,19353,1075,1594,1239,18.85,0.29,21.2,-27.83,3.1,-49.55,-0.06,-35.28,115,39_0002826_0002850-reel_begin_end,1033,-83.085583,-161.685535
8,23649,380,23783,433,22761,1353,22373,1074,1594,1239,18.79,-1.65,20.77,-4.21,5.67,-48.73,-0.06,-35.23,115,39_0002826_0002850-reel_begin_end,1034,-83.070636,-161.778902
9,26656,343,26791,567,26149,1372,25384,1077,1594,1239,18.9,0.14,20.89,-10.7,11.4,-49.65,0.1,-35.37,115,39_0002826_0002850-reel_begin_end,1035,-83.056438,-161.87991
10,29686,343,29853,759,28813,1368,28407,1074,1594,1239,18.9,0.14,21.36,-19.99,6.0,-49.46,-0.0,-35.23,115,39_0002826_0002850-reel_begin_end,1036,-83.042174,-161.980081
11,32793,357,32993,825,32108,1371,31513,1074,1594,1239,18.79,-0.53,21.75,-23.18,8.67,-49.6,-0.12,-35.23,115,39_0002826_0002850-reel_begin_end,1037,-83.027433,-162.075158
12,35887,368,36025,775,35054,1370,34608,1073,1594,1239,18.9,-1.07,20.94,-20.76,6.59,-49.55,-0.0,-35.18,115,39_0002826_0002850-reel_begin_end,1038,-83.012807,-162.171153
5,19113,350,19465,947,18207,1365,17833,1071,1591,2749,19.15,0.13,24.41,-28.93,5.6,-49.28,0.0,-34.97,115,39_0002851_0002875-reel_begin_end,1039,-82.99863,-162.271479
6,22143,354,22274,631,21110,1368,20863,1070,1591,2749,19.15,-0.07,21.1,-13.55,3.7,-49.42,0.0,-34.92,115,39_0002851_0002875-reel_begin_end,1040,-82.983912,-162.366251
7,25244,361,25382,725,24555,1371,23972,1073,1591,2749,19.15,-0.41,21.21,-18.13,8.84,-49.57,0.12,-35.06,115,39_0002851_0002875-reel_begin_end,1041,-82.969205,-162.460931
8,28334,357,28465,726,27479,1371,27058,1070,1591,2749,19.15,-0.21,21.1,-18.17,6.36,-49.57,0.06,-34.92,115,39_0002851_0002875-reel_begin_end,1042,-82.954522,-162.555666
9,31361,322,31498,829,30469,1369,30088,1071,1591,2749,19.1,1.49,21.15,-23.19,5.76,-49.47,0.06,-34.97,115,39_0002851_0002875-reel_begin_end,1043,-82.939538,-162.646783
10,34384,357,34507,745,33326,1370,33104,1073,1591,2749,19.15,-0.21,20.99,-19.1,3.32,-49.52,0.0,-35.06,115,39_0002851_0002875-reel_begin_end,1044,-82.923876,-162.730059
11,37392,363,37519,774,36333,1371,36112,1075,1591,2749,21.48,-0.51,23.38,-20.51,5.64,-49.57,2.34,-35.16,115,39_0002851_0002875-reel_begin_end,1045,-82.909558,-162.827667
1,2521,346,2648,707,1506,1365,1241,1077,1591,1234,19.44,0.12,21.38,-17.56,3.99,-49.78,-0.05,-35.68,115,39_0002876_0002900-reel_begin_end,1051,-82.820813,-163.381295
2,5544,363,5674,818,4652,1370,4268,1084,1591,1234,19.34,-0.72,21.32,-22.99,5.75,-50.02,-0.1,-36.02,115,39_0002876_0002900-reel_begin_end,1052,-82.805481,-163.467017
3,8544,354,8678,861,7692,1369,7268,1080,1591,1234,19.34,-0.28,21.38,-25.1,6.36,-49.97,-0.1,-35.82,115,39_0002876_0002900-reel_begin_end,1053,-82.791028,-163.561845
4,11648,357,11782,838,10777,1373,10371,1085,1591,1234,19.4,-0.42,21.44,-23.97,6.13,-50.17,-0.05,-36.07,115,39_0002876_0002900-reel_begin_end,1054,-82.776071,-163.651323
5,14758,362,14892,847,13710,1367,13482,1089,1591,1234,19.34,-0.67,21.38,-24.41,3.38,-49.87,-0.1,-36.26,115,39_0002876_0002900-reel_begin_end,1055,-82.761133,-163.740848
8,23885,359,24012,819,22989,1366,22612,1091,1591,1234,19.34,-0.52,21.27,-23.04,5.69,-49.83,-0.05,-36.36,115,39_0002876_0002900-reel_begin_end,1056,-82.746031,-163.828224
9,26895,376,27022,830,25844,1365,25615,1092,1591,1234,19.34,-1.35,21.27,-23.58,3.33,-49.78,-0.16,-36.41,115,39_0002876_0002900-reel_begin_end,1057,-82.730141,-163.906405
10,29919,360,30045,875,29077,1370,28642,1093,1591,1234,19.4,-0.57,21.32,-25.78,6.57,-50.02,-0.05,-36.46,115,39_0002876_0002900-reel_begin_end,1058,-82.715675,-163.999819
11,33028,372,33155,844,32140,1369,31752,1086,1591,1234,19.34,-1.16,21.27,-24.27,5.81,-49.97,-0.1,-36.12,115,39_0002876_0002900-reel_begin_end,1059,-82.700994,-164.091144
12,36038,349,36161,795,34994,1369,34762,1086,1591,1234,19.34,-0.03,21.21,-21.87,3.44,-49.97,-0.1,-36.12,115,39_0002876_0002900-reel_begin_end,1060,-82.685994,-164.179095
1,4115,364,4242,817,3256,1369,2832,1091,1591,2828,19.4,-0.73,21.32,-22.78,6.4,-49.65,-0.02,-36.12,115,39_0002901_0002925-reel_begin_end,1063,-82.639752,-164.428087
2,7132,383,7255,878,6247,1377,5852,1078,1591,2828,19.35,-1.66,21.21,-25.75,5.96,-50.04,-0.02,-35.48,115,39_0002901_0002925-reel_begin_end,1064,-82.624643,-164.513946
3,10142,363,10279,840,9137,1369,8865,1072,1591,2828,19.35,-0.68,21.43,-23.9,4.14,-49.65,0.02,-35.19,115,39_0002901_0002925-reel_begin_end,1065,-82.609777,-164.602092
4,13168,359,13295,878,12323,1368,11892,1069,1591,2828,19.29,-0.49,21.21,-25.75,6.5,-49.6,-0.02,-35.05,115,39_0002901_0002925-reel_begin_end,1066,-82.593914,-164.679149
5,16188,338,16318,833,15314,1367,14915,1072,1591,2828,19.29,0.53,21.26,-23.56,6.06,-49.55,0.02,-35.19,115,39_0002901_0002925-reel_begin_end,1067,-82.579107,-164.767662
6,19194,337,19325,887,18157,1364,17922,1068,1591,2828,19.23,0.58,21.21,-26.19,3.53,-49.41,-0.02,-35.0,115,39_0002901_0002925-reel_begin_end,1068,-82.563744,-164.850061
7,22225,342,22356,880,21203,1369,20945,1069,1591,2828,19.4,0.34,21.38,-25.85,3.93,-49.65,0.02,-35.05,115,39_0002901_0002925-reel_begin_end,1069,-82.548426,-164.932844
8,25245,335,25376,883,24216,1367,23965,1071,1591,2828,19.4,0.68,21.38,-25.99,3.82,-49.55,0.02,-35.14,115,39_0002901_0002925-reel_begin_end,1070,-82.533451,-165.019223
11,34305,320,34447,873,33261,1366,33029,1070,1591,2828,19.4,1.41,21.55,-25.51,3.6,-49.5,0.08,-35.1,115,39_0002901_0002925-reel_begin_end,1071,-82.518397,-165.104616
1,2506,348,2640,670,1636,1361,1230,1089,1594,1226,19.18,0.37,21.21,-15.39,6.01,-49.23,-0.14,-35.91,115,39_0002976_0003000-reel_begin_end,1100,-82.078093,-167.464846
2,5540,341,5674,756,4467,1362,4264,1088,1594,1226,19.24,0.72,21.27,-19.6,3.0,-49.27,-0.08,-35.86,115,39_0002976_0003000-reel_begin_end,1101,-82.062866,-167.543491
3,8633,331,8760,821,7578,1354,7354,1085,1594,1226,19.28,1.21,21.21,-22.79,3.32,-48.88,-0.08,-35.71,115,39_0002976_0003000-reel_begin_end,1102,-82.047718,-167.622788
9,26809,330,26947,839,25769,1354,25533,1064,1594,1226,19.28,1.25,21.37,-23.67,3.54,-48.88,-0.03,-34.68,115,39_0002976_0003000-reel_begin_end,1103,-82.032273,-167.698894
10,29816,300,30012,835,28761,1355,28543,1063,1594,1226,19.24,2.72,22.21,-23.47,3.27,-48.93,-0.03,-34.63,115,39_0002976_0003000-reel_begin_end,1104,-82.017477,-167.781237
11,32836,351,32977,834,31781,1350,31563,1062,1594,1226,19.24,0.23,21.37,-23.42,3.27,-48.69,-0.03,-34.59,115,39_0002976_0003000-reel_begin_end,1105,-82.002047,-167.856998
12,35866,361,36025,829,34840,1363,34593,1064,1594,1226,19.24,-0.26,21.65,-23.18,3.71,-49.32,-0.03,-34.68,115,39_0002976_0003000-reel_begin_end,1106,-81.986599,-167.932488
1,2513,357,2651,687,1462,1360,1237,1071,1580,1226,19.29,-0.57,21.37,-16.63,3.48,-49.39,0.1,-35.32,115,39_0003026_0003050-reel_begin_end,1125,-81.695143,-169.357475
2,5629,372,5763,523,4730,1356,4342,1067,1580,1226,19.41,-1.3,21.43,-8.65,5.89,-49.19,0.05,-35.13,115,39_0003026_0003050-reel_begin_end,1126,-81.679373,-169.426648
3,8731,368,8876,601,7669,1362,7451,1067,1580,1226,19.35,-1.1,21.54,-12.44,3.38,-49.48,0.1,-35.13,115,39_0003026_0003050-reel_begin_end,1127,-81.663782,-169.497706
5,14825,362,15075,971,13770,1358,13549,1065,1580,1226,19.35,-0.81,23.12,-30.45,3.48,-49.29,0.16,-35.03,115,39_0003026_0003050-reel_begin_end,1128,-81.647675,-169.563026
6,17815,342,17960,834,16764,1363,16572,1065,1580,1226,18.75,0.16,20.93,-23.78,2.94,-49.53,0.05,-35.03,115,39_0003026_0003050-reel_begin_end,1129,-81.631454,-169.62686
7,20862,328,21003,727,19880,1360,19666,1065,1580,1226,18.05,0.84,20.17,-18.58,3.27,-49.39,0.05,-35.03,115,39_0003026_0003050-reel_begin_end,1130,-81.615081,-169.688679
8,23831,345,23962,735,22947,1350,22682,1058,1580,1226,17.28,0.02,19.25,-18.97,3.98,-48.9,-0.01,-34.69,115,39_0003026_0003050-reel_begin_end,1131,-81.598503,-169.74778
9,26902,343,27032,474,26017,1375,25800,1077,1580,1226,16.63,0.11,18.59,-6.26,3.32,-50.12,0.05,-35.61,115,39_0003026_0003050-reel_begin_end,1132,-81.582627,-169.815017
10,29942,332,30069,714,29133,1341,28883,1064,1580,1226,15.92,0.65,17.84,-17.94,3.75,-48.46,-0.01,-34.98,115,39_0003026_0003050-reel_begin_end,1133,-81.566502,-169.879212
11,33305,348,33472,470,32268,1344,31917,1059,1580,1226,20.93,-0.13,23.45,-6.07,5.33,-48.61,0.05,-34.74,115,39_0003026_0003050-reel_begin_end,1134,-81.549926,-169.937988
12,36292,326,36459,388,35400,1358,34950,1059,1580,1226,20.29,0.94,22.8,-2.08,6.87,-49.29,0.1,-34.74,115,39_0003026_0003050-reel_begin_end,1135,-81.533677,-170.000727
1,4006,285,4162,283,3357,1354,2763,1062,1587,2759,18.85,3.45,21.21,3.55,9.02,-49.2,0.03,-34.82,115,39_0003051_0003075-reel_begin_end,1137,-81.501112,-170.125004
2,6967,314,7134,349,6155,1356,5789,1066,1587,2759,17.8,2.02,20.33,0.3,5.51,-49.3,-0.03,-35.02,115,39_0003051_0003075-reel_begin_end,1138,-81.485028,-170.189293
3,9985,282,10162,483,9162,1385,8864,1063,1587,2759,17.05,3.6,19.72,-6.3,4.59,-50.73,0.08,-34.87,115,39_0003051_0003075-reel_begin_end,1139,-81.469101,-170.255216
4,13039,283,13210,465,12307,1363,11959,1062,1587,2759,16.38,3.55,18.97,-5.42,5.3,-49.65,0.03,-34.82,115,39_0003051_0003075-reel_begin_end,1140,-81.453226,-170.321583
5,16011,287,16185,472,15424,1360,14989,1062,1587,2759,15.5,3.35,18.14,-5.76,6.62,-49.5,0.03,-34.82,115,39_0003051_0003075-reel_begin_end,1141,-81.437302,-170.38728
6,19061,283,19217,289,18477,1364,18086,1060,1587,2759,14.79,3.55,17.15,3.25,5.95,-49.7,0.03,-34.72,115,39_0003051_0003075-reel_begin_end,1142,-81.421194,-170.450802
7,22013,284,22176,284,21524,1365,21089,1063,1587,2759,13.91,3.5,16.38,3.5,6.51,-49.75,-0.07,-34.87,115,39_0003051_0003075-reel_begin_end,1143,-81.405045,-170.513735
8,25067,282,25219,314,24555,1367,24193,1065,1587,2759,13.26,3.6,15.56,2.02,5.51,-49.84,0.03,-34.97,115,39_0003051_0003075-reel_begin_end,1144,-81.388793,-170.575327
9,28046,282,28198,282,27611,1369,27223,1063,1587,2759,12.49,3.6,14.79,3.6,5.91,-49.94,0.03,-34.87,115,39_0003051_0003075-reel_begin_end,1145,-81.372392,-170.63504
10,30999,286,31165,472,30603,1373,30226,1065,1587,2759,11.78,3.4,14.29,-5.76,5.78,-50.14,0.08,-34.97,115,39_0003051_0003075-reel_begin_end,1146,-81.356482,-170.700249
11,34050,286,34206,467,33579,1373,33332,1063,1587,2759,10.95,3.4,13.31,-5.52,3.82,-50.14,0.08,-34.87,115,39_0003051_0003075-reel_begin_end,1147,-81.340902,-170.768702
12,37027,412,37179,485,36715,1375,36360,1064,1587,2759,12.6,-2.81,14.9,-6.4,7.87,-50.24,2.5,-34.92,115,39_0003051_0003075-reel_begin_end,1148,-81.325249,-170.836181
1,3593,557,3868,495,3444,1401,2984,1074,1584,2980,9.18,-9.77,13.37,-6.75,6.91,-50.85,-0.1,-34.94,115,39_0003101_0003125-reel_begin_end,1162,-81.173486,-172.21591
2,6631,676,6885,573,6413,1405,6007,1076,1584,2980,9.45,-15.56,13.32,-10.55,6.13,-51.05,-0.05,-35.03,115,39_0003101_0003125-reel_begin_end,1163,-81.163717,-172.319159
3,9654,547,9911,740,9476,1407,9037,1075,1584,2980,9.35,-9.29,13.26,-18.68,6.63,-51.15,-0.05,-34.99,115,39_0003101_0003125-reel_begin_end,1164,-81.151438,-172.410706
4,12756,554,12996,670,12542,1403,12136,1078,1584,2980,9.39,-9.63,13.05,-15.27,6.13,-50.95,-0.05,-35.13,115,39_0003101_0003125-reel_begin_end,1165,-81.140509,-172.508861
5,15846,556,16075,555,15661,1404,15233,1077,1584,2980,9.28,-9.72,12.77,-9.68,6.47,-51.0,-0.05,-35.08,115,39_0003101_0003125-reel_begin_end,1166,-81.130147,-172.609687
6,18961,561,19185,432,18750,1405,18351,1080,1584,2980,9.24,-9.97,12.65,-3.69,6.03,-51.05,-0.05,-35.23,115,39_0003101_0003125-reel_begin_end,1167,-81.119832,-172.71059
7,22068,584,22286,427,21898,1403,21441,1080,1584,2980,9.39,-11.09,12.71,-3.44,6.8,-50.95,-0.16,-35.23,115,39_0003101_0003125-reel_begin_end,1168,-81.109008,-172.809116
8,25149,559,25352,422,24960,1402,24515,1076,1584,2980,9.45,-9.87,12.54,-3.2,6.57,-50.9,-0.2,-35.03,115,39_0003101_0003125-reel_begin_end,1169,-81.098116,-172.907208
9,28234,578,28434,387,28038,1404,27618,1075,1584,2980,9.28,-10.79,12.33,-1.5,6.3,-51.0,-0.1,-34.99,115,39_0003101_0003125-reel_begin_end,1170,-81.087028,-173.004243
10,31333,612,31529,450,31170,1399,30717,1076,1584,2980,9.28,-12.45,12.27,-4.56,6.8,-50.76,-0.1,-35.03,115,39_0003101_0003125-reel_begin_end,1171,-81.075601,-173.099518
11,34343,550,34528,417,34176,1402,33727,1078,1584,2980,9.28,-9.43,12.1,-2.96,6.74,-50.9,-0.1,-35.13,115,39_0003101_0003125-reel_begin_end,1172,-81.065342,-173.199971
12,37456,564,37638,393,37275,1411,36836,1080,1584,2980,11.77,-10.11,14.54,-1.79,9.01,-51.34,2.32,-35.23,115,39_0003101_0003125-reel_begin_end,1173,-81.055048,-173.300223
1,2032,570,2202,387,1847,1403,1408,1077,1594,1398,9.5,-10.49,12.04,-1.64,6.73,-50.8,0.17,-35.02,115,39_0003126_0003150-reel_begin_end,1175,-81.03449,-173.500499
2,5042,584,5212,435,4857,1404,4422,1081,1594,1398,9.5,-11.17,12.04,-3.96,6.73,-50.85,0.23,-35.22,115,39_0003126_0003150-reel_begin_end,1176,-81.023473,-173.597145
3,8068,545,8242,371,7905,1404,7445,1078,1594,1398,9.44,-9.28,12.04,-0.86,7.0,-50.85,0.12,-35.07,115,39_0003126_0003150-reel_begin_end,1177,-81.012162,-173.692304
4,11091,547,11254,359,10913,1405,10475,1078,1594,1398,9.33,-9.38,11.77,-0.28,6.67,-50.9,0.12,-35.07,115,39_0003126_0003150-reel_begin_end,1178,-81.000843,-173.787212
5,14165,545,14321,348,14013,1398,13563,1074,1594,1398,9.17,-9.28,11.5,0.25,6.9,-50.56,0.17,-34.88,115,39_0003126_0003150-reel_begin_end,1179,-80.991862,-173.891816
6,14158,554,14321,348,13995,1399,13560,1074,1594,1398,9.06,-9.72,11.5,0.25,6.63,-50.61,0.12,-34.88,115,39_0003126_0003150-reel_begin_end,1180,-80.981338,-173.990127
7,17203,551,17366,401,17018,1402,16590,1076,1594,1398,9.29,-9.57,11.73,-2.31,6.52,-50.75,0.12,-34.98,115,39_0003126_0003150-reel_begin_end,1181,-80.97028,-174.086024
8,20241,563,20400,464,20048,1399,19613,1074,1594,1398,9.56,-10.15,11.94,-5.36,6.67,-50.61,0.17,-34.88,115,39_0003126_0003150-reel_begin_end,1182,-80.958771,-174.179646
9,23247,601,23425,519,23044,1405,22627,1082,1594,1398,9.5,-11.99,12.16,-8.02,6.46,-50.9,0.23,-35.27,115,39_0003126_0003150-reel_begin_end,1183,-80.948108,-174.27709
10,26263,595,26437,653,26068,1401,25640,1075,1594,1398,9.44,-11.7,12.04,-14.51,6.52,-50.7,0.12,-34.93,115,39_0003126_0003150-reel_begin_end,1184,-80.937723,-174.375649
11,29286,583,29453,483,29119,1402,28673,1078,1594,1398,9.33,-11.12,11.83,-6.28,6.84,-50.75,0.17,-35.07,115,39_0003126_0003150-reel_begin_end,1185,-80.927238,-174.47363
12,32293,551,32456,413,32104,1402,31680,1077,1594,1398,9.29,-9.57,11.73,-2.89,6.46,-50.75,0.12,-35.02,115,39_0003126_0003150-reel_begin_end,1186,-80.916052,-174.568374
13,35313,582,35476,471,35117,1403,34693,1078,1594,1398,9.29,-11.07,11.73,-5.7,6.36,-50.8,0.02,-35.07,115,39_0003126_0003150-reel_begin_end,,,
1,3628,571,3792,467,3451,1404,3008,1081,1594,2998,9.45,-10.1,11.94,-4.98,6.75,-51.13,0.0,-35.22,115,39_0003151_0003175-reel_begin_end,1187,-80.90571,-174.666744
2,6722,571,6885,481,6573,1406,6095,1083,1594,2998,9.4,-10.1,11.88,-5.67,7.13,-51.23,-0.15,-35.32,115,39_0003151_0003175-reel_begin_end,1188,-80.895602,-174.765992
3,9741,553,9904,523,9570,1408,9132,1083,1594,2998,9.23,-9.22,11.72,-7.74,6.63,-51.33,-0.04,-35.32,115,39_0003151_0003175-reel_begin_end,1189,-80.885374,-174.864583
4,12757,549,12913,523,12590,1406,12145,1081,1594,2998,9.17,-9.02,11.55,-7.74,6.63,-51.23,-0.15,-35.22,115,39_0003151_0003175-reel_begin_end,1190,-80.874151,-174.958708
5,15832,327,15970,293,15665,1403,15234,1057,1594,2998,9.07,1.92,11.17,3.59,6.52,-51.08,-0.04,-34.04,115,39_0003151_0003175-reel_begin_end,1191,-80.862538,-175.05081
6,18877,342,18996,281,18721,1405,18264,1059,1594,2998,9.29,1.18,11.11,4.18,6.92,-51.18,-0.04,-34.14,115,39_0003151_0003175-reel_begin_end,1192,-80.851429,-175.145077
7,21985,326,22087,282,21753,1410,21365,1061,1594,2998,9.34,1.97,10.89,4.13,5.81,-51.43,-0.1,-34.24,115,39_0003151_0003175-reel_begin_end,1193,-80.841106,-175.242852
8,25066,375,25149,283,24874,1408,24453,1060,1594,2998,9.23,-0.45,10.5,4.08,6.31,-51.33,-0.1,-34.19,115,39_0003151_0003175-reel_begin_end,1194,-80.830185,-175.337913
9,28180,360,28844,1031,27966,1409,27560,1058,1594,2998,9.34,0.29,19.45,-32.76,6.08,-51.38,-0.1,-34.09,115,39_0003151_0003175-reel_begin_end,1195,-80.819371,-175.433341
10,31285,353,31945,1038,31122,1405,30665,1057,1594,2998,9.45,0.64,19.5,-33.1,6.96,-51.18,0.0,-34.04,115,39_0003151_0003175-reel_begin_end,1196,-80.808564,-175.528686
11,34377,362,35026,1132,34217,1403,33750,1057,1594,2998,9.51,0.19,19.39,-37.73,7.07,-51.08,-0.04,-34.04,115,39_0003151_0003175-reel_begin_end,1197,-80.79755,-175.622984
12,37483,286,38111,1094,37284,1416,36845,1060,1594,2998,12.1,3.94,21.66,-35.86,9.07,-51.72,2.38,-34.19,115,39_0003151_0003175-reel_begin_end,1198,-80.786446,-175.716758
